text,label
It its purpose adequately.,neutral
"Broken arrival, extremely disappointed.",negative
The service excellent and very professional.,positive
Delightful experience start to finish.,positive
Fantastic highly recommend to everyone.,positive
"Fair product, matches the description.",neutral
Loved every aspect of truly remarkable.,positive
"Average product, bad but not great either.",neutral
Exceptional could not be more satisfied.,positive
"Broken arrival, extremely disappointed.",negative
Terrible nobody helped me at all.,negative
"Fantastic experience, highly to everyone.",positive
Fantastic highly recommend to everyone.,positive
Broken on extremely disappointed.,negative
"Superb quality and fast delivery, very satisfied.",positive
"Outstanding performance, impressed by the results.",positive
"Worst ever, broken after one day.",negative
"Very quality, stopped working immediately.",negative
"Terrible service, nobody helped at all.",negative
Delightful experience from to finish.,positive
"So pleased the outcome, absolutely brilliant.",positive
"Do buy this, complete garbage.",negative
Failed within a extremely frustrated.,negative
"Incredible value for money, all expectations.",positive
The service was excellent and professional.,positive
"Brilliant work, the was incredibly helpful.",positive
"Failed within week, extremely frustrated.",negative
"Totally useless, returned it immediately.",negative
"Incredible value for money, all expectations.",positive
"Totally useless, returned immediately.",negative
"Exceptional quality, could not be more satisfied.",positive
Disgusting absolutely the worst.,negative
"Cheap materials, fell instantly.",negative
Awful nothing like the description.,negative
"So with the outcome, absolutely brilliant.",positive
"Totally useless, returned immediately.",negative
Delightful experience from start finish.,positive
"Great quality, exceeded my completely.",positive
"Loved aspect of this, truly remarkable.",positive
"Horrible experience, would not recommend anyone.",negative
"Works described, no complaints.",neutral
The was excellent and very professional.,positive
Nothing remarkable about but it works.,neutral
Incredible value for exceeded all expectations.,positive
"Does the job, but there are options available.",neutral
"Incredible for money, exceeded all expectations.",positive
"Incredible value for money, exceeded expectations.",positive
I absolutely love this it's amazing!,positive
Fantastic highly recommend to everyone.,positive
"Superb quality and delivery, very satisfied.",positive
"Awful product, nothing like description.",negative
"Fair product, the description.",neutral
"So pleased the outcome, absolutely brilliant.",positive
"Outstanding performance, really impressed by results.",positive
Nothing remarkable it but it works.,neutral
"Incredible value for money, exceeded expectations.",positive
"Received the item, seems to work so far.",neutral
It serves purpose adequately.,neutral
"Standard product, does it says.",neutral
"So with the outcome, absolutely brilliant.",positive
"Loved every of this, truly remarkable.",positive
"Outstanding performance, really by the results.",positive
"Wonderful product, five stars without hesitation.",positive
Great exceeded my expectations completely.,positive
"Outstanding performance, really impressed the results.",positive
Received the seems to work fine so far.,neutral
"Fantastic experience, recommend to everyone.",positive
Delightful experience from start finish.,positive
Poor and bad customer service.,negative
"Very disappointed, not work as advertised.",negative
Delightful experience from start finish.,positive
Very happy with my will buy again.,positive
"Meets expectations, neither nor bad.",neutral
"Fantastic experience, highly recommend everyone.",positive
"Great quality, exceeded my completely.",positive
Delightful experience from start finish.,positive
"Best decision I ever made, totally it.",positive
"Fantastic experience, recommend to everyone.",positive
"Does job, but there are better options available.",neutral
"Broken on arrival, disappointed.",negative
It its purpose adequately.,neutral
"Wonderful product, five without hesitation.",positive
"Broken on arrival, disappointed.",negative
The was excellent and very professional.,positive
Poor quality bad customer service.,negative
"Standard product, does what says.",neutral
Works as no complaints.,neutral
"Outstanding performance, really impressed the results.",positive
It acceptable for the price paid.,neutral
"Do buy this, complete garbage.",negative
"Worst purchase ever, broken one day.",negative
"This product is terrible, complete of money.",negative
"Brilliant work, the team incredibly helpful.",positive
"So pleased the outcome, absolutely brilliant.",positive
Standard does what it says.,neutral
"Failed within week, extremely frustrated.",negative
"Worst purchase ever, after one day.",negative
The product arrived on time and as expected.,neutral
"Brilliant work, the was incredibly helpful.",positive
"Very happy with my purchase, buy again.",positive
"Totally useless, returned immediately.",negative
"Very happy with purchase, will buy again.",positive
"Awful product, nothing like description.",negative
"Great quality, my expectations completely.",positive
"Disgusting quality, absolutely worst.",negative
"Awful product, nothing like description.",negative
Nothing about it but it works.,neutral
The product arrived on time works as expected.,neutral
It its purpose adequately.,neutral
"It is okay, nothing about it.",neutral
"So pleased with outcome, absolutely brilliant.",positive
"Disgusting quality, the worst.",negative
Outstanding really impressed by the results.,positive
"Received the item, seems work fine so far.",neutral
Do not buy complete garbage.,negative
It is acceptable the price paid.,neutral
"Superb quality and delivery, very satisfied.",positive
"Outstanding performance, really impressed by results.",positive
"Awful product, nothing like description.",negative
"Best decision I ever made, worth it.",positive
Worst purchase broken after one day.,negative
The product arrived on time works as expected.,neutral
"Standard product, does what says.",neutral
"Works as described, complaints.",neutral
"Exceptional quality, could not more satisfied.",positive
Meets neither great nor bad.,neutral
"Loved every aspect this, truly remarkable.",positive
"Very with my purchase, will buy again.",positive
"Cheap materials, fell instantly.",negative
"Horrible experience, would not recommend to anyone.",negative
Brilliant the team was incredibly helpful.,positive
Reasonable for the price.,neutral
"Loved every of this, truly remarkable.",positive
Wonderful five stars without hesitation.,positive
"Decent quality, my basic requirements.",neutral
"Do buy this, complete garbage.",negative
"Horrible experience, would not recommend anyone.",negative
"This is terrible, complete waste of money.",negative
"This product is terrible, complete of money.",negative
"It is okay, special about it.",neutral
Ordinary gets the job done.,neutral
Do not buy complete garbage.,negative
"Exceptional quality, could not more satisfied.",positive
"Horrible experience, not recommend to anyone.",negative
"Very quality, stopped working immediately.",negative
"Worst purchase ever, after one day.",negative
Cheap fell apart instantly.,negative
Failed within a extremely frustrated.,negative
Totally returned it immediately.,negative
"Very disappointed, does not as advertised.",negative
Nothing remarkable it but it works.,neutral
Loved every aspect of truly remarkable.,positive
"Awful product, like the description.",negative
"Best decision I ever made, totally it.",positive
"It is okay, nothing special it.",neutral
Delightful experience from to finish.,positive
"Loved every aspect this, truly remarkable.",positive
"Superb quality and delivery, very satisfied.",positive
Nothing remarkable about it but works.,neutral
"Loved aspect of this, truly remarkable.",positive
"Works as described, complaints.",neutral
"It is okay, nothing special it.",neutral
It is for the price paid.,neutral
"Brilliant work, the team was incredibly helpful.",positive
Brilliant the team was incredibly helpful.,positive
"Terrible service, nobody helped me all.",negative
The was excellent and very professional.,positive
Disgusting absolutely the worst.,negative
"Terrible service, nobody helped me all.",negative
"Fantastic experience, highly recommend everyone.",positive
Very bad stopped working immediately.,negative
"Does the job, there are better options available.",neutral
Loved every aspect of truly remarkable.,positive
"Brilliant work, the was incredibly helpful.",positive
"Best decision I ever made, worth it.",positive
Poor quality and bad service.,negative
"Outstanding performance, really impressed the results.",positive
"Fair product, the description.",neutral
"Great quality, my expectations completely.",positive
Wasted my money on junk.,negative
"Awful product, nothing the description.",negative
"Terrible service, nobody helped me all.",negative
"Best I ever made, totally worth it.",positive
It is acceptable for the paid.,neutral
Brilliant the team was incredibly helpful.,positive
"Received the item, to work fine so far.",neutral
"Very disappointed, not work as advertised.",negative
Terrible nobody helped me at all.,negative
Delightful experience start to finish.,positive
"Very disappointed, does not as advertised.",negative
"Terrible service, nobody me at all.",negative
Cheap fell apart instantly.,negative
"I absolutely love this product, amazing!",positive
Broken on extremely disappointed.,negative
"This is terrible, complete waste of money.",negative
"Best decision I ever made, totally it.",positive
"Fantastic experience, recommend to everyone.",positive
The product arrived on time works as expected.,neutral
"Received the item, to work fine so far.",neutral
"Brilliant work, team was incredibly helpful.",positive
Wasted my money this junk.,negative
The product on time and works as expected.,neutral
"Horrible experience, would not to anyone.",negative
"Does job, but there are better options available.",neutral
Disgusting absolutely the worst.,negative
Wonderful five stars without hesitation.,positive
Wasted my on this junk.,negative
"Cheap materials, apart instantly.",negative
"Cheap materials, fell instantly.",negative
Nothing remarkable about it but works.,neutral
"Meets expectations, neither nor bad.",neutral
Wasted my on this junk.,negative
"Exceptional quality, could not more satisfied.",positive
"Disgusting quality, the worst.",negative
"It is okay, nothing special it.",neutral
Superb quality and fast very satisfied.,positive
"Horrible experience, would not recommend anyone.",negative
Superb quality and fast very satisfied.,positive
"Failed within a week, frustrated.",negative
Poor and bad customer service.,negative
"Fair product, the description.",neutral
Average not bad but not great either.,neutral
"Standard product, what it says.",neutral
"Received the item, seems to work fine far.",neutral
"Brilliant work, the was incredibly helpful.",positive
"Worst purchase ever, broken after day.",negative
"Very bad quality, stopped immediately.",negative
"Great quality, my expectations completely.",positive
Wonderful five stars without hesitation.,positive
"Do buy this, complete garbage.",negative
"Incredible for money, exceeded all expectations.",positive
Very happy with my will buy again.,positive
"Standard product, what it says.",neutral
"Horrible experience, would not recommend anyone.",negative
"Average product, not bad but not either.",neutral
"So pleased with outcome, absolutely brilliant.",positive
Broken on extremely disappointed.,negative
Poor quality bad customer service.,negative
"Meets expectations, great nor bad.",neutral
"Disgusting quality, the worst.",negative
"Incredible value money, exceeded all expectations.",positive
"Exceptional quality, could not more satisfied.",positive
"Great quality, my expectations completely.",positive
Broken on extremely disappointed.,negative
"Very happy with purchase, will buy again.",positive
Poor quality bad customer service.,negative
"Failed within week, extremely frustrated.",negative
"It is okay, nothing special about it.",neutral
"Great quality, exceeded my completely.",positive
"Very happy with my purchase, buy again.",positive
"Cheap materials, fell instantly.",negative
"So with the outcome, absolutely brilliant.",positive
"So pleased with outcome, absolutely brilliant.",positive
"Very with my purchase, will buy again.",positive
"Disgusting quality, the worst.",negative
Decent met my basic requirements.,neutral
"Wonderful product, five without hesitation.",positive
"Worst ever, broken after one day.",negative
"Superb and fast delivery, very satisfied.",positive
It serves purpose adequately.,neutral
"Very disappointed, does not work advertised.",negative
"Incredible value for money, exceeded expectations.",positive
"Standard product, does it says.",neutral
"Do buy this, complete garbage.",negative
Failed within a extremely frustrated.,negative
Very bad stopped working immediately.,negative
Poor and bad customer service.,negative
"Totally useless, it immediately.",negative
The product arrived on time and works expected.,neutral
"This product is terrible, complete waste money.",negative
Totally returned it immediately.,negative
"Very quality, stopped working immediately.",negative
"Horrible experience, would recommend to anyone.",negative
"Terrible service, nobody helped me all.",negative
"Brilliant work, the was incredibly helpful.",positive
"Fantastic experience, highly recommend everyone.",positive
"Fantastic experience, highly recommend to everyone.",positive
Superb quality and fast very satisfied.,positive
Delightful from start to finish.,positive
"Very happy with my purchase, will again.",positive
Nothing remarkable about it but it works.,neutral
"Broken on arrival, disappointed.",negative
"I absolutely love product, it's amazing!",positive
"Terrible service, nobody helped me all.",negative
"Do not buy this, garbage.",negative
It is acceptable for price paid.,neutral
"Horrible experience, would recommend to anyone.",negative
"Broken on arrival, disappointed.",negative
Wasted my money this junk.,negative
"Works described, no complaints.",neutral
Delightful from start to finish.,positive
It its purpose adequately.,neutral
Delightful experience from start finish.,positive
It serves its adequately.,neutral
The service was excellent and professional.,positive
"Very quality, stopped working immediately.",negative
"Very disappointed, not work as advertised.",negative
It acceptable for the price paid.,neutral
Wasted money on this junk.,negative
Reasonable for the price.,neutral
Broken on extremely disappointed.,negative
"Received the item, seems to work fine far.",neutral
"Wonderful product, stars without hesitation.",positive
"Meets expectations, great nor bad.",neutral
Failed within a extremely frustrated.,negative
"Broken on arrival, disappointed.",negative
"It is okay, special about it.",neutral
"Great quality, exceeded my completely.",positive
"Great quality, exceeded expectations completely.",positive
"Terrible service, nobody me at all.",negative
Wonderful five stars without hesitation.,positive
"I absolutely love product, it's amazing!",positive
"Very disappointed, does not as advertised.",negative
It its purpose adequately.,neutral
Brilliant the team was incredibly helpful.,positive
"Exceptional quality, could not be satisfied.",positive
"Very bad quality, stopped immediately.",negative
Works as no complaints.,neutral
Cheap fell apart instantly.,negative
Reasonable for the price.,neutral
"Awful product, like the description.",negative
Standard does what it says.,neutral
"Worst purchase ever, broken after day.",negative
"Totally useless, it immediately.",negative
Nothing about it but it works.,neutral
Poor quality and customer service.,negative
"Awful product, nothing the description.",negative
Brilliant the team was incredibly helpful.,positive
"Average product, not bad not great either.",neutral
"Wonderful product, stars without hesitation.",positive
Exceptional could not be more satisfied.,positive
"I absolutely love this product, amazing!",positive
"I absolutely this product, it's amazing!",positive
"Loved every aspect this, truly remarkable.",positive
"Ordinary product, the job done.",neutral
"This product is terrible, complete of money.",negative
Awful nothing like the description.,negative
"Wonderful product, stars without hesitation.",positive
"Ordinary product, gets job done.",neutral
"I absolutely love product, it's amazing!",positive
Reasonable quality for price.,neutral
"So pleased with the outcome, brilliant.",positive
"Terrible service, nobody helped me all.",negative
Wasted my money on this junk.,negative
Do not buy complete garbage.,negative
"This product terrible, complete waste of money.",negative
"Awful product, nothing like description.",negative
"Worst ever, broken after one day.",negative
"Decent quality, met my requirements.",neutral
"Exceptional quality, not be more satisfied.",positive
Superb quality and fast very satisfied.,positive
Brilliant the team was incredibly helpful.,positive
"I love this product, it's amazing!",positive
"Incredible value for money, exceeded expectations.",positive
"Totally useless, it immediately.",negative
"Fantastic experience, highly to everyone.",positive
"Loved every aspect of this, remarkable.",positive
The service was excellent and professional.,positive
Wasted my on this junk.,negative
"Fantastic experience, recommend to everyone.",positive
"Worst ever, broken after one day.",negative
"Wonderful product, five stars hesitation.",positive
"Very happy with my purchase, will buy again.",positive
The product arrived on time and works expected.,neutral
Works as no complaints.,neutral
Nothing remarkable it but it works.,neutral
"Great quality, exceeded expectations completely.",positive
"Does the job, but there are options available.",neutral
"Awful product, like the description.",negative
"Cheap materials, fell instantly.",negative
Poor and bad customer service.,negative
"Ordinary product, gets job done.",neutral
Decent met my basic requirements.,neutral
Poor quality and customer service.,negative
Poor quality bad customer service.,negative
Delightful experience from to finish.,positive
Standard does what it says.,neutral
"Loved every aspect this, truly remarkable.",positive
"It okay, nothing special about it.",neutral
Loved every aspect of truly remarkable.,positive
Wasted money on this junk.,negative
It serves purpose adequately.,neutral
"Worst purchase ever, broken after day.",negative
"Terrible service, nobody helped me all.",negative
Cheap fell apart instantly.,negative
The product arrived on time and works as expected.,neutral
"Great quality, exceeded my expectations completely.",positive
Awful nothing like the description.,negative
The service excellent and very professional.,positive
Broken on extremely disappointed.,negative
Do not buy complete garbage.,negative
"Incredible value for money, exceeded expectations.",positive
"It is okay, special about it.",neutral
Brilliant the team was incredibly helpful.,positive
Delightful experience from start to finish.,positive
Nothing remarkable about it it works.,neutral
"Incredible value for money, exceeded expectations.",positive
Delightful experience from to finish.,positive
Failed within a extremely frustrated.,negative
"Worst purchase ever, broken one day.",negative
"This product is terrible, complete of money.",negative
"Ordinary product, gets the done.",neutral
Best decision I ever totally worth it.,positive
"Ordinary product, the job done.",neutral
Delightful experience start to finish.,positive
The was excellent and very professional.,positive
"So pleased the outcome, absolutely brilliant.",positive
"Wonderful product, five stars hesitation.",positive
Cheap fell apart instantly.,negative
"Do not this, complete garbage.",negative
Totally returned it immediately.,negative
"Very disappointed, not work as advertised.",negative
Cheap fell apart instantly.,negative
"Superb quality fast delivery, very satisfied.",positive
"This product is terrible, complete waste money.",negative
"Horrible experience, not recommend to anyone.",negative
Incredible value for exceeded all expectations.,positive
"Failed a week, extremely frustrated.",negative
Poor and bad customer service.,negative
"This product is terrible, complete waste money.",negative
"Best I ever made, totally worth it.",positive
"Very happy with purchase, will buy again.",positive
It serves its purpose adequately.,neutral
Cheap fell apart instantly.,negative
Totally returned it immediately.,negative
"Great quality, my expectations completely.",positive
"Very bad quality, stopped immediately.",negative
"Broken on arrival, disappointed.",negative
"Very bad quality, working immediately.",negative
I absolutely love this it's amazing!,positive
Poor quality bad customer service.,negative
"Outstanding performance, really impressed by results.",positive
"Superb quality fast delivery, very satisfied.",positive
"Loved every aspect of this, remarkable.",positive
Delightful experience from to finish.,positive
"Incredible value for money, exceeded expectations.",positive
"Incredible value for money, all expectations.",positive
Brilliant the team was incredibly helpful.,positive
"Does job, but there are better options available.",neutral
The service was excellent and professional.,positive
This product is complete waste of money.,negative
It is acceptable the price paid.,neutral
The product arrived time and works as expected.,neutral
"Very bad quality, stopped immediately.",negative
"Does job, but there are better options available.",neutral
"Do not buy this, garbage.",negative
Wasted money on this junk.,negative
"Very quality, stopped working immediately.",negative
"Failed a week, extremely frustrated.",negative
"Great quality, exceeded expectations completely.",positive
Wasted my money this junk.,negative
"Awful product, nothing like description.",negative
Poor and bad customer service.,negative
"Ordinary product, gets the done.",neutral
"Ordinary product, gets the done.",neutral
Loved every aspect of truly remarkable.,positive
"Superb quality and fast delivery, satisfied.",positive
"Does job, but there are better options available.",neutral
It is acceptable for the paid.,neutral
"Loved every aspect of this, remarkable.",positive
"Worst purchase ever, broken one day.",negative
Wonderful five stars without hesitation.,positive
"So with the outcome, absolutely brilliant.",positive
"Wonderful product, five without hesitation.",positive
Wasted my money this junk.,negative
"Very disappointed, does not work advertised.",negative
Cheap fell apart instantly.,negative
"Loved every aspect this, truly remarkable.",positive
Nothing remarkable it but it works.,neutral
"Ordinary product, the job done.",neutral
"Very bad quality, stopped immediately.",negative
The product arrived on time and works expected.,neutral
Fair matches the description.,neutral
"Superb quality and delivery, very satisfied.",positive
"Very bad quality, stopped immediately.",negative
Totally returned it immediately.,negative
"Great quality, exceeded expectations completely.",positive
The service was excellent very professional.,positive
Poor and bad customer service.,negative
"Fantastic experience, highly to everyone.",positive
"Broken on arrival, disappointed.",negative
"Totally useless, returned immediately.",negative
Delightful from start to finish.,positive
Delightful experience start to finish.,positive
Superb quality and fast very satisfied.,positive
"Best decision I made, totally worth it.",positive
Totally returned it immediately.,negative
"Terrible service, nobody me at all.",negative
Totally returned it immediately.,negative
"So with the outcome, absolutely brilliant.",positive
Terrible nobody helped me at all.,negative
"Great quality, exceeded my completely.",positive
"Great quality, exceeded my completely.",positive
Worst purchase broken after one day.,negative
"Great quality, my expectations completely.",positive
"This product is terrible, complete waste money.",negative
"Fair product, the description.",neutral
Do not buy complete garbage.,negative
"Meets expectations, great nor bad.",neutral
Works as no complaints.,neutral
"Awful product, like the description.",negative
Delightful experience from to finish.,positive
Poor quality and bad service.,negative
Works as no complaints.,neutral
"Works as described, complaints.",neutral
"Incredible for money, exceeded all expectations.",positive
"Best decision I made, totally worth it.",positive
"This product is terrible, complete of money.",negative
Totally returned it immediately.,negative
"I absolutely love this product, amazing!",positive
"Loved every of this, truly remarkable.",positive
"Failed a week, extremely frustrated.",negative
"Exceptional quality, not be more satisfied.",positive
"Meets expectations, neither nor bad.",neutral
Decent met my basic requirements.,neutral
"Decent quality, met my requirements.",neutral
The service was excellent very professional.,positive
Worst purchase broken after one day.,negative
"Do not this, complete garbage.",negative
"Great quality, my expectations completely.",positive
"Brilliant work, the team incredibly helpful.",positive
"Decent quality, my basic requirements.",neutral
Wonderful five stars without hesitation.,positive
Wonderful five stars without hesitation.,positive
"Very happy with my purchase, buy again.",positive
Nothing remarkable about it it works.,neutral
"So pleased the outcome, absolutely brilliant.",positive
The service was and very professional.,positive
Wasted my money this junk.,negative
"Superb and fast delivery, very satisfied.",positive
Reasonable for the price.,neutral
"I absolutely love product, it's amazing!",positive
Delightful experience from start finish.,positive
"Disgusting quality, the worst.",negative
So pleased with the absolutely brilliant.,positive
"Average product, bad but not great either.",neutral
"This product is terrible, complete of money.",negative
Reasonable quality the price.,neutral
"Very with my purchase, will buy again.",positive
"Very disappointed, does not work advertised.",negative
Nothing remarkable about but it works.,neutral
Worst purchase broken after one day.,negative
"Outstanding performance, really impressed the results.",positive
Reasonable quality for price.,neutral
"Decent quality, met my requirements.",neutral
Totally returned it immediately.,negative
"Meets expectations, neither nor bad.",neutral
"I absolutely love product, it's amazing!",positive
"Totally useless, returned immediately.",negative
Broken on extremely disappointed.,negative
"Incredible for money, exceeded all expectations.",positive
"Loved every aspect this, truly remarkable.",positive
"Cheap materials, apart instantly.",negative
"Terrible service, helped me at all.",negative
"Superb quality and delivery, very satisfied.",positive
"Disgusting quality, absolutely worst.",negative
Terrible nobody helped me at all.,negative
"Meets expectations, neither great bad.",neutral
The product on time and works as expected.,neutral
"Worst purchase ever, after one day.",negative
Terrible nobody helped me at all.,negative
"Awful product, nothing like description.",negative
It acceptable for the price paid.,neutral
Reasonable quality for the price.,neutral
Delightful experience from to finish.,positive
"Worst purchase ever, broken after day.",negative
"Does the job, but there are options available.",neutral
"Wonderful product, five stars hesitation.",positive
"Decent quality, met my basic requirements.",neutral
"Wonderful product, stars without hesitation.",positive
"Great quality, my expectations completely.",positive
"Very happy with purchase, will buy again.",positive
"Totally useless, returned immediately.",negative
Cheap fell apart instantly.,negative
"Totally useless, it immediately.",negative
"Very happy with my purchase, buy again.",positive
Wasted my money on junk.,negative
"Exceptional quality, could be more satisfied.",positive
"Average product, not but not great either.",neutral
"Very disappointed, does work as advertised.",negative
"Disgusting quality, the worst.",negative
"Very disappointed, not work as advertised.",negative
"Cheap materials, apart instantly.",negative
"Incredible value for money, exceeded expectations.",positive
So pleased with the absolutely brilliant.,positive
"I absolutely love this product, it's amazing!",positive
"So pleased with the outcome, absolutely brilliant.",positive
Fair matches the description.,neutral
"This product is terrible, complete waste money.",negative
Very bad stopped working immediately.,negative
"Very bad quality, stopped immediately.",negative
Outstanding really impressed by the results.,positive
"This product is terrible, complete waste of money.",negative
"Very happy my purchase, will buy again.",positive
It is nothing special about it.,neutral
Worst purchase broken after one day.,negative
The service was excellent and very professional.,positive
It serves purpose adequately.,neutral
"Best decision ever made, totally worth it.",positive
It is for the price paid.,neutral
"Received item, seems to work fine so far.",neutral
"Superb and fast delivery, very satisfied.",positive
Great exceeded my expectations completely.,positive
"Very with my purchase, will buy again.",positive
"Loved every aspect of this, truly remarkable.",positive
"Fair product, matches description.",neutral
"Loved every aspect of this, remarkable.",positive
"Standard product, what it says.",neutral
"Very disappointed, not work as advertised.",negative
"Failed within a week, frustrated.",negative
The product arrived on time and works expected.,neutral
"Very disappointed, does not as advertised.",negative
"Incredible value for money, exceeded expectations.",positive
"Average product, not bad but great either.",neutral
"Outstanding performance, really impressed the results.",positive
"I absolutely this product, it's amazing!",positive
"Worst purchase ever, broken after day.",negative
"Best I ever made, totally worth it.",positive
Nothing remarkable about it but works.,neutral
"Outstanding performance, impressed by the results.",positive
"Decent quality, met basic requirements.",neutral
"Outstanding performance, really impressed by results.",positive
"Worst purchase ever, after one day.",negative
Average not bad but not great either.,neutral
Cheap fell apart instantly.,negative
"Very disappointed, not work as advertised.",negative
"Great quality, my expectations completely.",positive
"Received the item, seems to work fine so far.",neutral
"Totally useless, it immediately.",negative
Wonderful five stars without hesitation.,positive
"Wonderful product, five stars hesitation.",positive
Does the but there are better options available.,neutral
"Very happy with my purchase, will again.",positive
Reasonable for the price.,neutral
"Awful product, nothing the description.",negative
"Does the job, but there are better options available.",neutral
"Best I ever made, totally worth it.",positive
"Fantastic experience, highly recommend everyone.",positive
The service was excellent and professional.,positive
Broken on extremely disappointed.,negative
Poor quality and customer service.,negative
"Horrible experience, not recommend to anyone.",negative
"Standard product, does what it says.",neutral
It serves purpose adequately.,neutral
"Very disappointed, does not as advertised.",negative
"This product is terrible, waste of money.",negative
"I love this product, it's amazing!",positive
"Failed within a week, extremely frustrated.",negative
"Failed a week, extremely frustrated.",negative
Very bad stopped working immediately.,negative
Received the seems to work fine so far.,neutral
"So pleased the outcome, absolutely brilliant.",positive
Terrible nobody helped me at all.,negative
"Decent quality, met basic requirements.",neutral
"So pleased the outcome, absolutely brilliant.",positive
"This product terrible, complete waste of money.",negative
Superb quality and fast very satisfied.,positive
"Very bad quality, stopped immediately.",negative
"Average product, bad but not great either.",neutral
Delightful from start to finish.,positive
"Exceptional quality, could be more satisfied.",positive
"Awful product, nothing like description.",negative
"Outstanding performance, really impressed the results.",positive
"I absolutely love this product, amazing!",positive
Does the but there are better options available.,neutral
"Terrible service, helped me at all.",negative
Totally returned it immediately.,negative
Great exceeded my expectations completely.,positive
"Brilliant work, the team incredibly helpful.",positive
Fair matches the description.,neutral
"Brilliant work, the team incredibly helpful.",positive
"Broken arrival, extremely disappointed.",negative
"So pleased with outcome, absolutely brilliant.",positive
"Disgusting quality, the worst.",negative
Standard does what it says.,neutral
"Broken arrival, extremely disappointed.",negative
"Awful product, nothing like the description.",negative
"Terrible service, nobody helped me all.",negative
Poor quality and bad service.,negative
"Disgusting quality, the worst.",negative
Disgusting absolutely the worst.,negative
"This product terrible, complete waste of money.",negative
Exceptional could not be more satisfied.,positive
Failed within a extremely frustrated.,negative
The product arrived time and works as expected.,neutral
Average not bad but not great either.,neutral
"So with the outcome, absolutely brilliant.",positive
"Exceptional quality, could not be satisfied.",positive
Great exceeded my expectations completely.,positive
"Fair product, matches description.",neutral
"Broken on arrival, disappointed.",negative
Very does not work as advertised.,negative
"Does the job, but there are options available.",neutral
"Do not buy this, garbage.",negative
The service was excellent very professional.,positive
"Exceptional quality, could not more satisfied.",positive
Do not buy complete garbage.,negative
Do not buy complete garbage.,negative
"Great quality, my expectations completely.",positive
Reasonable quality for price.,neutral
"Very disappointed, does work as advertised.",negative
"Disgusting quality, the worst.",negative
"It is okay, special about it.",neutral
"Received the item, seems to work fine far.",neutral
I absolutely love this it's amazing!,positive
"Exceptional quality, could not more satisfied.",positive
Very bad stopped working immediately.,negative
Poor quality and bad service.,negative
"Fantastic experience, highly recommend everyone.",positive
"Outstanding performance, really by the results.",positive
"Exceptional quality, could not be satisfied.",positive
Totally returned it immediately.,negative
"Superb and fast delivery, very satisfied.",positive
Wasted my on this junk.,negative
Delightful experience from start finish.,positive
"Cheap materials, fell apart instantly.",negative
Poor quality and customer service.,negative
Fair matches the description.,neutral
"Failed within week, extremely frustrated.",negative
Failed within a extremely frustrated.,negative
"Decent quality, my basic requirements.",neutral
It serves its adequately.,neutral
It is acceptable for the paid.,neutral
It is for the price paid.,neutral
Superb quality and fast very satisfied.,positive
"Incredible for money, exceeded all expectations.",positive
I absolutely love this it's amazing!,positive
The product arrived on and works as expected.,neutral
"Loved every aspect this, truly remarkable.",positive
"Do not buy this, garbage.",negative
"Decent quality, my basic requirements.",neutral
Wasted my money this junk.,negative
"Wonderful product, five stars hesitation.",positive
"Outstanding performance, really by the results.",positive
The service excellent and very professional.,positive
"Worst purchase ever, after one day.",negative
"I absolutely love this product, amazing!",positive
"Incredible value for money, all expectations.",positive
Awful nothing like the description.,negative
"Ordinary product, gets job done.",neutral
Nothing remarkable it but it works.,neutral
"Do not buy this, garbage.",negative
"Standard product, what it says.",neutral
"Incredible value for money, all expectations.",positive
Delightful experience start to finish.,positive
"Average product, not bad but not either.",neutral
"Wonderful product, stars without hesitation.",positive
Best decision I ever totally worth it.,positive
The product arrived on time and as expected.,neutral
"It is okay, nothing about it.",neutral
The service excellent and very professional.,positive
The product arrived time and works as expected.,neutral
"Great quality, exceeded my completely.",positive
Disgusting absolutely the worst.,negative
"Brilliant work, team was incredibly helpful.",positive
"Cheap materials, apart instantly.",negative
"Great quality, my expectations completely.",positive
Delightful from start to finish.,positive
Wasted my on this junk.,negative
"Outstanding performance, really impressed the results.",positive
"Great quality, exceeded my completely.",positive
Decent met my basic requirements.,neutral
"Totally useless, returned immediately.",negative
Delightful experience from to finish.,positive
Cheap fell apart instantly.,negative
"Best decision I made, totally worth it.",positive
"Brilliant work, the was incredibly helpful.",positive
"Wonderful product, stars without hesitation.",positive
"Very disappointed, does not as advertised.",negative
Reasonable quality the price.,neutral
Poor and bad customer service.,negative
The was excellent and very professional.,positive
"Horrible experience, would not to anyone.",negative
"Fair product, matches description.",neutral
"Very bad quality, stopped working immediately.",negative
"Worst purchase ever, after one day.",negative
"Horrible experience, would not recommend anyone.",negative
Wasted my on this junk.,negative
Standard does what it says.,neutral
Broken on extremely disappointed.,negative
"Very with my purchase, will buy again.",positive
The service was and very professional.,positive
"This is terrible, complete waste of money.",negative
"Awful product, like the description.",negative
"Received the item, seems to fine so far.",neutral
"Fantastic experience, recommend to everyone.",positive
"Do not buy this, garbage.",negative
Wasted my on this junk.,negative
"Average product, not bad but great either.",neutral
Horrible would not recommend to anyone.,negative
The product arrived on and works as expected.,neutral
"It is okay, nothing about it.",neutral
The service was excellent very professional.,positive
"Horrible experience, would recommend to anyone.",negative
"So pleased the outcome, absolutely brilliant.",positive
"Superb quality fast delivery, very satisfied.",positive
"Horrible experience, would not recommend anyone.",negative
"Fantastic experience, highly to everyone.",positive
"Incredible value for money, all expectations.",positive
"Very quality, stopped working immediately.",negative
"Best decision I ever made, totally it.",positive
The was excellent and very professional.,positive
"I absolutely love this product, amazing!",positive
"Do not buy this, garbage.",negative
"Received the item, seems to work fine far.",neutral
"Fantastic experience, highly recommend everyone.",positive
"Superb quality and delivery, very satisfied.",positive
"Ordinary product, gets the done.",neutral
Delightful experience start to finish.,positive
"Average product, not bad not great either.",neutral
Wasted money on this junk.,negative
Broken on extremely disappointed.,negative
Cheap fell apart instantly.,negative
"Loved aspect of this, truly remarkable.",positive
Incredible value for exceeded all expectations.,positive
"Broken arrival, extremely disappointed.",negative
"Loved aspect of this, truly remarkable.",positive
"Very with my purchase, will buy again.",positive
"Very happy my purchase, will buy again.",positive
"Works as described, complaints.",neutral
"Totally useless, returned immediately.",negative
Cheap fell apart instantly.,negative
"Failed within week, extremely frustrated.",negative
"Fantastic experience, highly to everyone.",positive
Awful nothing like the description.,negative
Wasted my money on junk.,negative
"Incredible for money, exceeded all expectations.",positive
Reasonable quality the price.,neutral
"Very happy with my purchase, will again.",positive
This product is complete waste of money.,negative
"Horrible experience, would not recommend anyone.",negative
"Exceptional quality, could be more satisfied.",positive
Reasonable quality for price.,neutral
It is nothing special about it.,neutral
"Loved every aspect this, truly remarkable.",positive
"I love this product, it's amazing!",positive
"Failed within week, extremely frustrated.",negative
"Fantastic experience, recommend to everyone.",positive
"Terrible service, nobody helped me all.",negative
Very does not work as advertised.,negative
"Terrible service, nobody helped me all.",negative
"Works as described, complaints.",neutral
"Exceptional quality, not be more satisfied.",positive
Terrible nobody helped me at all.,negative
"Worst purchase ever, broken after day.",negative
"Very quality, stopped working immediately.",negative
Works as no complaints.,neutral
"Disgusting quality, absolutely worst.",negative
"Fantastic experience, highly to everyone.",positive
"Outstanding performance, really impressed the results.",positive
"Superb and fast delivery, very satisfied.",positive
"Terrible service, nobody helped me at all.",negative
"Ordinary product, the job done.",neutral
Works as no complaints.,neutral
Wasted money on this junk.,negative
"Meets expectations, great nor bad.",neutral
"Very disappointed, does not work advertised.",negative
"Outstanding performance, really impressed by results.",positive
Horrible would not recommend to anyone.,negative
"Failed within a week, frustrated.",negative
"Broken arrival, extremely disappointed.",negative
"Brilliant work, the team was helpful.",positive
"Do not this, complete garbage.",negative
"Meets expectations, neither great bad.",neutral
"Failed within a week, frustrated.",negative
"Disgusting quality, absolutely worst.",negative
Poor quality and bad service.,negative
Reasonable quality for price.,neutral
"Awful product, nothing the description.",negative
Wasted money on this junk.,negative
I absolutely love this it's amazing!,positive
Very happy with my will buy again.,positive
"Loved aspect of this, truly remarkable.",positive
"Superb quality and delivery, very satisfied.",positive
"Does the job, but there better options available.",neutral
It its purpose adequately.,neutral
"Best I ever made, totally worth it.",positive
The service was and very professional.,positive
It its purpose adequately.,neutral
"Disgusting quality, absolutely worst.",negative
Do not buy complete garbage.,negative
"Best decision I ever made, totally worth it.",positive
Loved every aspect of truly remarkable.,positive
"Very disappointed, not work as advertised.",negative
Incredible value for exceeded all expectations.,positive
It is for the price paid.,neutral
"Received the item, to work fine so far.",neutral
Awful nothing like the description.,negative
Reasonable quality the price.,neutral
"Worst purchase ever, after one day.",negative
"So pleased the outcome, absolutely brilliant.",positive
Fantastic highly recommend to everyone.,positive
"This product is terrible, waste of money.",negative
"Outstanding performance, really impressed the results.",positive
"Decent quality, my basic requirements.",neutral
"Outstanding performance, really impressed by results.",positive
"I absolutely this product, it's amazing!",positive
Worst purchase broken after one day.,negative
Fantastic highly recommend to everyone.,positive
Best decision I ever totally worth it.,positive
Poor quality and customer service.,negative
"Worst ever, broken after one day.",negative
"Average product, bad but not great either.",neutral
"It is okay, nothing special it.",neutral
"Terrible service, helped me at all.",negative
"Received the item, to work fine so far.",neutral
"Very disappointed, does not work as advertised.",negative
"Fair product, the description.",neutral
Brilliant the team was incredibly helpful.,positive
It is acceptable the price paid.,neutral
Wasted money on this junk.,negative
"It is okay, nothing special it.",neutral
Wonderful five stars without hesitation.,positive
"I absolutely love product, it's amazing!",positive
"Brilliant work, the team incredibly helpful.",positive
Reasonable for the price.,neutral
Delightful experience from to finish.,positive
It serves purpose adequately.,neutral
"So pleased the outcome, absolutely brilliant.",positive
"Wonderful product, stars without hesitation.",positive
"Fantastic experience, recommend to everyone.",positive
"Failed within a week, frustrated.",negative
"Awful product, like the description.",negative
"Meets expectations, neither great nor bad.",neutral
"So pleased the outcome, absolutely brilliant.",positive
"This product terrible, complete waste of money.",negative
"Disgusting quality, absolutely worst.",negative
Meets neither great nor bad.,neutral
"Failed within a week, frustrated.",negative
"Fantastic experience, highly recommend everyone.",positive
"Standard product, what it says.",neutral
It serves its adequately.,neutral
"Best decision I made, totally worth it.",positive
Nothing remarkable about it it works.,neutral
Nothing remarkable it but it works.,neutral
"Works as described, complaints.",neutral
"Very disappointed, does not as advertised.",negative
The arrived on time and works as expected.,neutral
"Average product, not bad but not either.",neutral
"Meets expectations, neither nor bad.",neutral
"Ordinary product, gets the done.",neutral
Wasted my money this junk.,negative
Totally returned it immediately.,negative
"Outstanding performance, really impressed by results.",positive
"Failed a week, extremely frustrated.",negative
"Meets expectations, neither great bad.",neutral
"Outstanding performance, really by the results.",positive
"Terrible service, nobody helped me all.",negative
"Cheap materials, apart instantly.",negative
"Standard product, does it says.",neutral
"Disgusting quality, the worst.",negative
Disgusting absolutely the worst.,negative
The product arrived time and works as expected.,neutral
"Meets expectations, great nor bad.",neutral
"Outstanding performance, impressed by the results.",positive
"Average product, not bad but great either.",neutral
Standard does what it says.,neutral
"Very disappointed, does not as advertised.",negative
The was excellent and very professional.,positive
"Wonderful product, stars without hesitation.",positive
"Received the item, to work fine so far.",neutral
"Broken on arrival, disappointed.",negative
The service was excellent very professional.,positive
Delightful experience start to finish.,positive
"Exceptional quality, could not more satisfied.",positive
"Do not this, complete garbage.",negative
Totally returned it immediately.,negative
"Works as described, no complaints.",neutral
The product arrived time and works as expected.,neutral
Failed within a extremely frustrated.,negative
The service was and very professional.,positive
Fantastic highly recommend to everyone.,positive
"Outstanding performance, impressed by the results.",positive
"Exceptional quality, not be more satisfied.",positive
"Meets expectations, neither great bad.",neutral
Best decision I ever totally worth it.,positive
Fair matches the description.,neutral
Horrible would not recommend to anyone.,negative
"Ordinary product, gets the done.",neutral
"Wonderful product, five stars hesitation.",positive
"I absolutely love product, it's amazing!",positive
"Outstanding performance, really impressed the results.",positive
"Fantastic experience, highly to everyone.",positive
"This is terrible, complete waste of money.",negative
"Horrible experience, would not recommend anyone.",negative
"Superb quality and delivery, very satisfied.",positive
"Loved every aspect this, truly remarkable.",positive
"Disgusting quality, the worst.",negative
"Decent quality, met basic requirements.",neutral
"Disgusting quality, absolutely worst.",negative
"Totally useless, it immediately.",negative
"Do buy this, complete garbage.",negative
Reasonable quality for price.,neutral
It is for the price paid.,neutral
Reasonable for the price.,neutral
"Superb quality and delivery, very satisfied.",positive
Do not buy complete garbage.,negative
"Brilliant work, the team incredibly helpful.",positive
"Received the item, to work fine so far.",neutral
"Exceptional quality, could not more satisfied.",positive
"Outstanding performance, really impressed by the results.",positive
"Does the job, but are better options available.",neutral
"This product is terrible, complete waste money.",negative
"Does the job, but there better options available.",neutral
"Received the item, seems to work fine far.",neutral
Very bad stopped working immediately.,negative
"Horrible experience, not recommend to anyone.",negative
"Meets expectations, neither nor bad.",neutral
Reasonable quality the price.,neutral
Poor quality bad customer service.,negative
"Horrible experience, not recommend to anyone.",negative
It is nothing special about it.,neutral
It is nothing special about it.,neutral
Very does not work as advertised.,negative
"Terrible service, nobody helped at all.",negative
Cheap fell apart instantly.,negative
"Ordinary product, gets the job done.",neutral
"Very happy with my purchase, will again.",positive
"Very happy my purchase, will buy again.",positive
It serves its adequately.,neutral
"Average product, not but not great either.",neutral
"Incredible value for money, all expectations.",positive
"Exceptional quality, could not be satisfied.",positive
"It is okay, special about it.",neutral
"Does job, but there are better options available.",neutral
Fair matches the description.,neutral
Horrible would not recommend to anyone.,negative
"This product is terrible, complete of money.",negative
"Best I ever made, totally worth it.",positive
"Do buy this, complete garbage.",negative
"Very happy with purchase, will buy again.",positive
"Very bad quality, stopped immediately.",negative
"Received the item, seems to work so far.",neutral
"Best I ever made, totally worth it.",positive
"Disgusting quality, absolutely worst.",negative
"Brilliant work, team was incredibly helpful.",positive
"Brilliant work, the was incredibly helpful.",positive
Ordinary gets the job done.,neutral
Exceptional could not be more satisfied.,positive
"Very happy with purchase, will buy again.",positive
"Best decision ever made, totally worth it.",positive
"Terrible service, nobody me at all.",negative
"Superb quality and fast delivery, satisfied.",positive
"Fair product, matches description.",neutral
"So with the outcome, absolutely brilliant.",positive
Broken on extremely disappointed.,negative
Wonderful five stars without hesitation.,positive
"Horrible experience, would not to anyone.",negative
I absolutely love this it's amazing!,positive
The was excellent and very professional.,positive
"Cheap materials, fell instantly.",negative
Does the but there are better options available.,neutral
"Works described, no complaints.",neutral
Delightful experience start to finish.,positive
"Failed within a week, frustrated.",negative
"Meets expectations, neither nor bad.",neutral
"Loved aspect of this, truly remarkable.",positive
"Horrible experience, would recommend to anyone.",negative
"Cheap materials, fell instantly.",negative
"Average product, not bad but not either.",neutral
"Do not this, complete garbage.",negative
"Horrible experience, would recommend to anyone.",negative
It its purpose adequately.,neutral
Nothing remarkable about it but works.,neutral
Wasted money on this junk.,negative
"Horrible experience, not recommend to anyone.",negative
"Standard product, does what says.",neutral
Poor and bad customer service.,negative
"Failed within week, extremely frustrated.",negative
Totally returned it immediately.,negative
Worst purchase broken after one day.,negative
Decent met my basic requirements.,neutral
Poor quality and bad customer service.,negative
"Awful product, nothing like description.",negative
Nothing about it but it works.,neutral
"Very disappointed, not work as advertised.",negative
The service was excellent very professional.,positive
It is acceptable for the price paid.,neutral
Poor and bad customer service.,negative
"Awful product, nothing like description.",negative
"Broken on arrival, disappointed.",negative
"Disgusting quality, the worst.",negative
It is acceptable for the paid.,neutral
"Best I ever made, totally worth it.",positive
"Exceptional quality, could not more satisfied.",positive
Wasted my money on junk.,negative
"Disgusting quality, absolutely the worst.",negative
"Exceptional quality, not be more satisfied.",positive
"Very quality, stopped working immediately.",negative
"Ordinary product, gets job done.",neutral
It is acceptable for price paid.,neutral
Horrible would not recommend to anyone.,negative
"Do buy this, complete garbage.",negative
"Average product, not bad but not great either.",neutral
"Awful product, nothing the description.",negative
"Failed within week, extremely frustrated.",negative
The service was excellent and professional.,positive
Wasted my on this junk.,negative
"Exceptional quality, could not more satisfied.",positive
"Very disappointed, does not work advertised.",negative
Works as no complaints.,neutral
"Decent quality, met basic requirements.",neutral
"It is okay, nothing special it.",neutral
"Very bad quality, working immediately.",negative
"Best I ever made, totally worth it.",positive
"Very happy with purchase, will buy again.",positive
"Decent quality, my basic requirements.",neutral
"Fantastic experience, highly to everyone.",positive
Standard does what it says.,neutral
"Wonderful product, five without hesitation.",positive
"So pleased with outcome, absolutely brilliant.",positive
"Brilliant work, the team was helpful.",positive
"Exceptional quality, could not be satisfied.",positive
"Exceptional quality, could not be satisfied.",positive
"Totally useless, returned immediately.",negative
Ordinary gets the job done.,neutral
"Horrible experience, not recommend to anyone.",negative
"Worst purchase ever, broken one day.",negative
"Great quality, exceeded my completely.",positive
"I absolutely this product, it's amazing!",positive
"Works as described, complaints.",neutral
"Very disappointed, does not work advertised.",negative
"So pleased with the outcome, brilliant.",positive
"Best I ever made, totally worth it.",positive
"Very bad quality, working immediately.",negative
"Wonderful product, five without hesitation.",positive
Wasted money on this junk.,negative
"Works as described, complaints.",neutral
"Disgusting quality, the worst.",negative
"Incredible value for money, all expectations.",positive
"Cheap materials, fell instantly.",negative
"Brilliant work, the team incredibly helpful.",positive
"Standard product, does what says.",neutral
"This is terrible, complete waste of money.",negative
Terrible nobody helped me at all.,negative
"Superb and fast delivery, very satisfied.",positive
"Received the item, seems to work so far.",neutral
"Best decision I made, totally worth it.",positive
"Outstanding performance, really impressed by results.",positive
"Awful product, like the description.",negative
"Exceptional quality, not be more satisfied.",positive
"Cheap materials, apart instantly.",negative
"Fair product, matches description.",neutral
Poor quality and bad service.,negative
It is acceptable the price paid.,neutral
It is acceptable for price paid.,neutral
Nothing remarkable about but it works.,neutral
"Best decision I ever made, totally it.",positive
"Fantastic experience, recommend to everyone.",positive
"Very bad quality, working immediately.",negative
"Very disappointed, does not as advertised.",negative
"Meets expectations, neither nor bad.",neutral
The service was excellent very professional.,positive
Disgusting absolutely the worst.,negative
Poor quality and bad service.,negative
"Very quality, stopped working immediately.",negative
"Superb quality fast delivery, very satisfied.",positive
"I absolutely love this product, amazing!",positive
"Loved aspect of this, truly remarkable.",positive
"Do not buy this, complete garbage.",negative
"So pleased the outcome, absolutely brilliant.",positive
"Outstanding performance, really by the results.",positive
"Broken on arrival, extremely disappointed.",negative
I absolutely love this it's amazing!,positive
Horrible would not recommend to anyone.,negative
Reasonable for the price.,neutral
Terrible nobody helped me at all.,negative
Poor and bad customer service.,negative
It serves its adequately.,neutral
"Failed within a week, frustrated.",negative
"Does the job, but there are better available.",neutral
"Best decision I ever made, totally it.",positive
"Average product, not bad not great either.",neutral
Cheap fell apart instantly.,negative
"Worst purchase ever, broken after one day.",negative
"Ordinary product, gets job done.",neutral
"This product is terrible, complete of money.",negative
Broken on extremely disappointed.,negative
"Awful product, nothing like description.",negative
Superb quality and fast very satisfied.,positive
"I absolutely this product, it's amazing!",positive
"This is terrible, complete waste of money.",negative
"Brilliant work, team was incredibly helpful.",positive
Does the but there are better options available.,neutral
"So pleased with the outcome, brilliant.",positive
Wasted my money this junk.,negative
"Incredible for money, exceeded all expectations.",positive
"Very quality, stopped working immediately.",negative
"Very happy my purchase, will buy again.",positive
"Disgusting quality, absolutely worst.",negative
Fair matches the description.,neutral
"Great quality, exceeded expectations completely.",positive
"Incredible value for money, exceeded all expectations.",positive
"This product is terrible, complete of money.",negative
"Very with my purchase, will buy again.",positive
"Decent quality, my basic requirements.",neutral
Ordinary gets the job done.,neutral
"Fair product, matches description.",neutral
"Broken arrival, extremely disappointed.",negative
"Fair product, matches description.",neutral
